epic,side,size,entry_price,exit_price,entry_time,exit_time,pnl,fees,return_pct
EURUSD,BUY,1731.4443275719523,1.155175,1.1583117225746957,2026-06-11T17:45:00+00:00,2026-06-11T19:30:00+00:00,5.4311,0.0,0.002715
GBPUSD,BUY,1493.7802723908328,1.338955,1.3427977761785967,2026-06-11T17:45:00+00:00,2026-06-11T19:30:00+00:00,5.7403,0.0,0.00287
EURUSD,SELL,1732.388733653628,1.155695,1.1568049793965438,2026-06-12T05:45:00+00:00,2026-06-12T06:00:00+00:00,-1.9229,0.0,-0.00096
GBPUSD,SELL,1494.650839617188,1.3395299999999999,1.340901604065101,2026-06-12T05:45:00+00:00,2026-06-12T06:00:00+00:00,-2.0501,0.0,-0.001024
EURUSD,BUY,1728.9188362012292,1.157695,1.1561790464550954,2026-06-12T08:15:00+00:00,2026-06-12T12:15:00+00:00,-2.621,0.0,-0.001309
GBPUSD,BUY,1492.1140107559559,1.341415,1.3395190109647377,2026-06-12T08:45:00+00:00,2026-06-12T12:15:00+00:00,-2.829,0.0,-0.001413
EURUSD,SELL,1730.3338189714316,1.156095,1.157609944679889,2026-06-12T12:15:00+00:00,2026-06-12T13:15:00+00:00,-2.6214,0.0,-0.00131
GBPUSD,SELL,1493.9186996732465,1.338925,1.3407795665618387,2026-06-12T12:15:00+00:00,2026-06-12T13:15:00+00:00,-2.7706,0.0,-0.001385
EURUSD,BUY,1726.8816118826658,1.157805,1.1568749999999999,2026-06-12T15:00:00+00:00,2026-06-12T20:00:00+00:00,-1.606,0.0,-0.000803
GBPUSD,BUY,1489.580527297348,1.342345,1.3401621773254666,2026-06-12T15:15:00+00:00,2026-06-12T20:30:00+00:00,-3.2515,0.0,-0.001626
EURUSD,SELL,1727.4664276551202,1.1568749999999999,1.1579897830550538,2026-06-12T20:00:00+00:00,2026-06-14T21:15:00+00:00,-1.9258,0.0,-0.000964
GBPUSD,SELL,1491.059384691934,1.340155,1.3415172937162074,2026-06-12T20:30:00+00:00,2026-06-14T21:15:00+00:00,-2.0313,0.0,-0.001017
EURUSD,BUY,1722.961315646254,1.159535,1.1611897386455237,2026-06-14T21:15:00+00:00,2026-06-14T22:00:00+00:00,2.8511,0.0,0.001427
GBPUSD,BUY,1488.408321139358,1.34217,1.344334998991121,2026-06-14T21:30:00+00:00,2026-06-14T22:00:00+00:00,3.2224,0.0,0.001613
GBPUSD,SELL,1487.704139824966,1.3434249999999999,1.343495,2026-06-15T07:30:00+00:00,2026-06-15T14:15:00+00:00,-0.1041,0.0,-5.2e-05
GBPUSD,BUY,1487.766154028833,1.343495,1.342975,2026-06-15T14:15:00+00:00,2026-06-15T16:00:00+00:00,-0.7736,0.0,-0.000387
GBPUSD,SELL,1488.06419922669,1.342975,1.343405,2026-06-15T16:00:00+00:00,2026-06-15T16:15:00+00:00,-0.6399,0.0,-0.00032
GBPUSD,BUY,1487.593832892753,1.343405,1.3425449999999999,2026-06-15T16:15:00+00:00,2026-06-15T16:30:00+00:00,-1.2793,0.0,-0.00064
EURUSD,SELL,1722.5576259687916,1.1602649999999999,1.1587289603394337,2026-06-15T15:15:00+00:00,2026-06-15T19:45:00+00:00,2.6459,0.0,0.001324
GBPUSD,SELL,1488.3549657085948,1.3425449999999999,1.3406211995103785,2026-06-15T16:30:00+00:00,2026-06-16T01:45:00+00:00,2.8633,0.0,0.001433
EURUSD,BUY,1724.523120208353,1.159385,1.1605012350876112,2026-06-16T07:30:00+00:00,2026-06-16T08:45:00+00:00,1.925,0.0,0.000963
GBPUSD,BUY,1490.2257746318337,1.341695,1.340995,2026-06-16T07:45:00+00:00,2026-06-16T13:45:00+00:00,-1.0432,0.0,-0.000522
EURUSD,SELL,1724.9094290132557,1.159015,1.1603023688280087,2026-06-16T14:15:00+00:00,2026-06-16T14:45:00+00:00,-2.2206,0.0,-0.001111
GBPUSD,SELL,1490.935848850826,1.340995,1.3424504708742158,2026-06-16T13:45:00+00:00,2026-06-16T14:45:00+00:00,-2.17,0.0,-0.001085
GBPUSD,BUY,1488.4053773565972,1.342825,1.3411677607341086,2026-06-16T14:45:00+00:00,2026-06-17T06:00:00+00:00,-2.4666,0.0,-0.001234
EURUSD,BUY,1722.1527355649273,1.1607750000000001,1.160555,2026-06-16T14:45:00+00:00,2026-06-17T06:15:00+00:00,-0.3789,0.0,-0.00019
EURUSD,SELL,1721.4816663307345,1.160555,1.1613270513987666,2026-06-17T06:15:00+00:00,2026-06-17T07:00:00+00:00,-1.3291,0.0,-0.000665
GBPUSD,SELL,1488.78109160046,1.342105,1.3405559147856776,2026-06-17T06:00:00+00:00,2026-06-17T11:30:00+00:00,2.3062,0.0,0.001154
EURUSD,BUY,1734.1110005551516,1.152355,1.1512596027590465,2026-06-18T04:15:00+00:00,2026-06-18T05:45:00+00:00,-1.8995,0.0,-0.000951
EURUSD,SELL,1735.6038365819688,1.151005,1.1520466895013464,2026-06-18T05:45:00+00:00,2026-06-18T06:00:00+00:00,-1.808,0.0,-0.000905
EURUSD,BUY,1732.8058245761802,1.152795,1.1515965024197574,2026-06-18T06:15:00+00:00,2026-06-18T07:00:00+00:00,-2.0768,0.0,-0.00104
GBPUSD,BUY,1499.0852111228437,1.332515,1.330946034720863,2026-06-18T06:15:00+00:00,2026-06-18T07:00:00+00:00,-2.352,0.0,-0.001177
GBPUSD,SELL,1500.9324348978746,1.330145,1.3277978880913281,2026-06-18T07:00:00+00:00,2026-06-18T08:15:00+00:00,3.5229,0.0,0.001765
EURUSD,SELL,1734.3144036723231,1.151195,1.1495270521954486,2026-06-18T07:00:00+00:00,2026-06-18T08:30:00+00:00,2.8927,0.0,0.001449
GBPUSD,BUY,1513.2158766205948,1.320335,1.322816683800783,2026-06-19T08:00:00+00:00,2026-06-19T08:30:00+00:00,3.7553,0.0,0.00188
EURUSD,BUY,1743.6177703418032,1.145875,1.1476773798139703,2026-06-19T08:15:00+00:00,2026-06-19T18:15:00+00:00,3.1427,0.0,0.001573
GBPUSD,SELL,1515.1616972645422,1.31941,1.3217001977202258,2026-06-21T21:00:00+00:00,2026-06-22T00:15:00+00:00,-3.47,0.0,-0.001736
GBPUSD,BUY,1511.051274208979,1.322575,1.3207105186873804,2026-06-22T01:30:00+00:00,2026-06-22T04:00:00+00:00,-2.8173,0.0,-0.00141
EURUSD,SELL,1743.8124824482632,1.14632,1.1446207403814335,2026-06-21T22:00:00+00:00,2026-06-22T07:30:00+00:00,2.9632,0.0,0.001482
GBPUSD,SELL,1513.06261676556,1.320595,1.318520905287497,2026-06-22T04:00:00+00:00,2026-06-22T08:15:00+00:00,3.1382,0.0,0.001571
GBPUSD,BUY,1511.4736212768769,1.322745,1.3259173646572078,2026-06-22T09:30:00+00:00,2026-06-22T12:30:00+00:00,4.7949,0.0,0.002398
EURUSD,BUY,1745.1971791470125,1.146165,1.1447813122301589,2026-06-22T12:30:00+00:00,2026-06-22T13:00:00+00:00,-2.4148,0.0,-0.001207
EURUSD,SELL,1747.217656433358,1.144415,1.14240507729768,2026-06-22T13:00:00+00:00,2026-06-22T18:45:00+00:00,3.5118,0.0,0.001756
EURUSD,BUY,1748.7784727329545,1.14386,1.1426869903349282,2026-06-23T07:15:00+00:00,2026-06-23T07:30:00+00:00,-2.0513,0.0,-0.001025
GBPUSD,SELL,1510.628535834861,1.324125,1.3227693979458823,2026-06-23T00:15:00+00:00,2026-06-23T07:30:00+00:00,2.0478,0.0,0.001024
EURUSD,SELL,1751.7053390660171,1.141535,1.139690807966507,2026-06-23T07:30:00+00:00,2026-06-23T10:45:00+00:00,3.2305,0.0,0.001616
GBPUSD,BUY,1515.367249511716,1.32055,1.319505,2026-06-23T21:00:00+00:00,2026-06-24T00:15:00+00:00,-1.5836,0.0,-0.000791
GBPUSD,SELL,1516.1665186746359,1.319505,1.3205039283326108,2026-06-24T00:15:00+00:00,2026-06-24T02:15:00+00:00,-1.5145,0.0,-0.000757
GBPUSD,BUY,1515.121754425439,1.320355,1.319286441620822,2026-06-24T02:15:00+00:00,2026-06-24T02:45:00+00:00,-1.619,0.0,-0.000809
GBPUSD,SELL,1516.2546206896122,1.319015,1.3201522773779648,2026-06-24T02:45:00+00:00,2026-06-24T03:30:00+00:00,-1.7244,0.0,-0.000862
GBPUSD,BUY,1514.0533746599447,1.320845,1.3195981931987717,2026-06-24T06:00:00+00:00,2026-06-24T06:15:00+00:00,-1.8877,0.0,-0.000944
GBPUSD,SELL,1515.4771709732913,1.319215,1.3174405190982892,2026-06-24T06:15:00+00:00,2026-06-24T08:00:00+00:00,2.6892,0.0,0.001345
EURUSD,BUY,1761.616673405423,1.135325,1.134935,2026-06-24T15:30:00+00:00,2026-06-25T00:15:00+00:00,-0.687,0.0,-0.000344
GBPUSD,BUY,1518.9349209756272,1.316845,1.316125,2026-06-24T20:30:00+00:00,2026-06-25T00:15:00+00:00,-1.0936,0.0,-0.000547
EURUSD,SELL,1761.7096567210015,1.134935,1.1358365062714386,2026-06-25T00:15:00+00:00,2026-06-25T01:00:00+00:00,-1.5882,0.0,-0.000794
GBPUSD,SELL,1519.173073775335,1.316125,1.317395,2026-06-25T00:15:00+00:00,2026-06-25T01:00:00+00:00,-1.9293,0.0,-0.000965
EURUSD,BUY,1759.623841390803,1.136195,1.1352310388927294,2026-06-25T01:00:00+00:00,2026-06-25T06:45:00+00:00,-1.6962,0.0,-0.000848
EURUSD,SELL,1760.218716079326,1.135235,1.136217068873487,2026-06-25T06:45:00+00:00,2026-06-25T08:00:00+00:00,-1.7287,0.0,-0.000865
GBPUSD,BUY,1517.3358855378817,1.317395,1.3190348583501375,2026-06-25T01:00:00+00:00,2026-06-25T08:15:00+00:00,2.4882,0.0,0.001245
EURUSD,BUY,1757.6694696651903,1.137165,1.135982247592271,2026-06-25T08:30:00+00:00,2026-06-25T10:00:00+00:00,-2.0789,0.0,-0.00104
EURUSD,SELL,1759.7954953605656,1.135415,1.1339062475193429,2026-06-25T10:15:00+00:00,2026-06-25T11:15:00+00:00,2.6551,0.0,0.001329
GBPUSD,SELL,1517.5951872409887,1.316825,1.318249106536264,2026-06-25T10:45:00+00:00,2026-06-25T12:30:00+00:00,-2.1612,0.0,-0.001081
GBPUSD,BUY,1514.286163148571,1.319715,1.320535,2026-06-25T13:15:00+00:00,2026-06-25T14:45:00+00:00,1.2417,0.0,0.000621
EURUSD,BUY,1758.2749590127682,1.136445,1.137955,2026-06-25T13:45:00+00:00,2026-06-25T14:45:00+00:00,2.655,0.0,0.001329
